City,ID,Country,Cloudiness,Temperature,Max Temperature,Latitude,Longitude,Humidity,Wind Speed
Souillac,933995,MU,75,66.58,66.58,-20.5167,57.5167,94,8.05
Vostok,2013279,RU,93,70.75,70.75,46.4856,135.8833,84,3.13
Saint George,5546220,US,1,82.6,87.53,37.1041,-113.5841,63,1.99
Dikson,1507390,RU,100,56.12,56.12,73.5069,80.5464,89,16.91
Ushuaia,3833367,AR,90,37.06,37.06,-54.8,-68.3,87,0.0
Lüderitz,3355672,NA,0,58.42,58.42,-26.6481,15.1594,77,13.13
Haines Junction,5969025,CA,94,49.95,49.95,60.7522,-137.5108,87,1.14
Mataura,6201424,NZ,100,48.47,48.47,-46.1927,168.8643,90,1.86
Thompson,6165406,CA,75,69.96,69.96,55.7435,-97.8558,56,5.75
Atambua,1651103,ID,17,69.46,69.46,-9.1061,124.8925,86,4.7
Iława,3097902,PL,80,79.79,79.79,53.596,19.5685,62,4.18
Pevek,2122090,RU,100,33.91,33.91,69.7008,170.3133,93,15.19
Kapaa,5848280,US,90,73.71,79.12,22.0752,-159.319,83,12.66
Bismarck,5688025,US,1,80.44,80.44,46.8083,-100.7837,61,9.22
Kapit,1737185,MY,67,73.83,73.83,2.0167,112.9333,97,1.32
Antsohihy,1068971,MG,13,74.01,74.01,-14.8796,47.9875,54,9.44
Vestmannaeyjar,3412093,IS,40,58.19,58.19,63.4427,-20.2734,77,4.61
Bredasdorp,1015776,ZA,30,61.92,61.92,-34.5322,20.0403,51,20.71
Biscarrosse,3032556,FR,90,71.69,78.19,44.3945,-1.1672,68,8.05
Saint Paul Harbor,5866583,US,1,54.91,54.91,57.79,-152.4072,71,3.44
Mar del Plata,3430863,AR,90,46.76,48.99,-38.0023,-57.5575,58,8.01
Esik,1523741,KZ,31,74.62,74.62,43.3552,77.4525,57,5.01
Poum,2138555,NC,35,69.3,69.3,-20.2333,164.0167,69,12.03
Tasiilaq,3424607,GL,48,42.96,42.96,65.6145,-37.6368,82,5.08
Rikitea,4030556,PF,97,74.12,74.12,-23.1203,-134.9692,76,16.31
Fairbanks,5861897,US,90,56.25,60.1,64.8378,-147.7164,83,3.44
Bella Union,3443631,UY,0,52.29,52.29,-30.2752,-57.6007,36,14.47
Port Elizabeth,964420,ZA,0,77.29,77.29,-33.918,25.5701,20,9.22
Vuktyl,470905,RU,88,45.64,45.64,63.8567,57.3094,92,11.05
Lebu,3883457,CL,1,49.17,49.17,-37.6167,-73.65,65,23.2
Celestún,3531368,MX,18,86.4,86.4,20.8667,-90.4,64,8.39
Busselton,2075265,AU,92,46.04,47.08,-33.65,115.3333,63,11.99
Barrow,5880054,US,90,42.82,42.82,71.2906,-156.7887,87,6.91
Punta Arenas,3874787,CL,90,42.53,42.91,-53.15,-70.9167,87,9.22
Albany,5106841,US,9,82.45,86.61,42.6001,-73.9662,59,3.91
Jacareacanga,3397763,BR,77,98.69,98.69,-6.2222,-57.7528,23,3.74
Petropavlovsk-Kamchatskiy,2122104,RU,75,63.19,63.19,53.0452,158.6483,82,8.95
Bengkulu,1649150,ID,2,75.0,75.0,-3.8004,102.2655,83,5.06
Hobart,2163355,AU,88,54.66,57.25,-42.8794,147.3294,63,5.01
Salalah,286621,OM,90,80.69,80.69,17.0151,54.0924,89,5.75
Vao,2137773,NC,75,68.05,68.05,-22.6667,167.4833,57,15.77
Tevaitoa,4033375,PF,53,77.59,77.59,-16.7833,-151.5,77,11.18
Maamba,908718,ZM,2,57.76,57.76,-17.3667,27.15,55,3.18
Esim,2303611,GH,100,79.14,79.14,4.8699,-2.2405,68,8.81
Ucluelet,6171633,CA,3,58.6,66.96,48.9329,-125.5528,93,3.0
Brewster,5110092,US,1,86.31,89.74,41.3973,-73.6171,55,1.01
Necochea,3430443,AR,91,46.04,46.04,-38.5473,-58.7368,82,27.4
Kaitangata,2208248,NZ,89,45.93,45.93,-46.2817,169.8464,65,5.57
Hilo,5855927,US,70,72.72,73.11,19.7297,-155.09,95,2.13
Kassala,372753,SD,98,81.52,81.52,15.451,36.4,68,2.95
‘Ewa Beach,5855051,US,1,76.1,77.09,21.3156,-158.0072,69,11.99
Hasaki,2112802,JP,83,73.42,73.8,35.7333,140.8333,74,10.25
Severo-Kuril'sk,2121385,RU,100,56.68,56.68,50.6789,156.125,97,8.93
Ancud,3899695,CL,57,45.93,45.93,-41.8697,-73.8203,64,3.33
Muros,3115824,ES,37,73.36,76.68,42.7762,-9.0603,67,16.22
Redmond,5808079,US,2,70.14,76.33,47.674,-122.1215,69,1.01
Clyde River,5924351,CA,75,50.23,50.23,70.4692,-68.5914,76,4.61
Cockburn Town,3576994,TC,40,85.96,85.96,21.4612,-71.1419,70,17.27
Jamestown,5122534,US,1,82.65,84.09,42.097,-79.2353,51,7.0
Padang,1633419,ID,19,78.85,78.85,-0.9492,100.3543,88,3.4
Khatanga,2022572,RU,70,74.37,74.37,71.9667,102.5,57,11.12
Cape Town,3369157,ZA,90,56.34,58.26,-33.9258,18.4232,85,4.0
Bethel,5282297,US,1,86.04,90.16,41.3712,-73.414,55,1.99
Atuona,4020109,PF,28,77.77,77.77,-9.8,-139.0333,72,20.15
Tautira,4033557,PF,30,75.22,75.22,-17.7333,-149.15,77,12.39
Abu Dhabi,292968,AE,10,96.82,98.71,24.4667,54.3667,67,6.91
Kibala,2425791,TD,20,80.55,80.55,9.1104,18.3463,69,4.61
Orekhovo-Zuevo,515024,RU,49,82.29,82.29,55.8083,38.979,58,3.09
Batagay,2027044,RU,13,42.51,42.51,67.6333,134.6333,80,5.28
Baripāda,1276942,IN,100,82.74,82.74,21.935,86.7214,80,4.18
Grindavik,3416888,IS,99,53.02,55.35,63.8424,-22.4338,87,13.8
George Town,1735106,MY,20,82.85,83.89,5.4112,100.3354,86,0.0
Vaini,4032243,TO,75,66.36,66.36,-21.2,-175.2,94,2.3
Abonnema,2324433,NG,100,80.55,80.55,4.7084,6.7931,67,9.73
Port Lincoln,2063036,AU,30,53.92,53.92,-34.7333,135.8667,73,27.51
Tingi,877384,TZ,11,51.78,51.78,-11.3,35.0333,84,1.34
Kwinana,2068079,AU,100,52.75,57.34,-32.25,115.7667,55,14.54
Iqaluit,5983720,CA,75,52.7,53.33,63.7506,-68.5145,58,10.0
Mehamn,778707,NO,90,46.35,46.58,71.0357,27.8492,93,8.05
Codrington,2171099,AU,89,53.82,53.82,-38.2667,141.9667,89,23.0
Saskylakh,2017155,RU,25,55.06,55.06,71.9167,114.0833,73,14.34
Puerto Ayora,3652764,EC,54,76.96,76.96,-0.7393,-90.3518,68,10.71
Changde,1791121,CN,3,79.02,79.02,29.0464,111.6783,86,4.88
Tuktoyaktuk,6170031,CA,90,48.2,48.2,69.4541,-133.0374,87,8.05
Awjilah,88533,LY,0,96.42,96.42,29.1081,21.2869,18,7.74
Eidfjord,3158668,NO,100,67.5,67.5,60.4675,7.0719,79,4.47
Kununurra,2068110,AU,82,67.98,67.98,-15.7667,128.7333,83,0.0
Itoman,1861280,JP,40,82.24,82.42,26.1247,127.6694,75,10.36
Benjamín Aceval,3439348,PY,95,59.14,59.59,-24.9667,-57.5667,26,12.84
Hithadhoo,1282256,MV,98,81.32,81.32,-0.6,73.0833,78,7.58
Lucea,3489657,JM,76,86.86,87.66,18.451,-78.1736,70,11.41
Fortuna,5563839,US,75,54.41,55.33,40.5982,-124.1573,96,0.0
Dudinka,1507116,RU,70,67.03,67.03,69.4058,86.1778,89,8.52
Poronaysk,2121909,RU,100,60.76,60.76,49.2167,143.1167,99,2.62
Ponta do Sol,2264557,PT,3,76.64,79.72,32.6667,-17.1,74,4.43
Chokurdakh,2126123,RU,100,35.22,35.22,70.6333,147.9167,86,10.56
Ribeira Grande,3372707,PT,40,81.0,81.0,38.5167,-28.7,61,12.66
Butaritari,2110227,KI,100,81.73,81.73,3.0707,172.7902,72,10.54
Khuzdar,7082481,PK,96,88.77,88.77,27.7384,66.6434,41,10.54
Cacoal,3925212,BR,1,101.88,101.88,-11.4386,-61.4472,22,1.86
Boyolangu,1648082,ID,62,72.91,72.91,-8.1181,111.8935,88,4.68
Provideniya,4031574,RU,100,46.72,46.72,64.3833,-173.3,99,10.94
Galle,1246294,LK,88,79.59,79.59,6.0367,80.217,88,11.48
Hong Kong,1819729,HK,75,86.49,88.32,22.2855,114.1577,84,1.01
Carnarvon,2074865,AU,75,57.27,57.27,-24.8667,113.6333,59,3.44
Hermanus,3366880,ZA,44,54.9,54.9,-34.4187,19.2345,90,22.86
Cabo San Lucas,3985710,MX,1,89.29,92.61,22.8909,-109.9124,62,1.99
Faanui,4034551,PF,40,77.83,77.83,-16.4833,-151.75,74,9.71
Dingle,1714733,PH,95,79.14,79.14,10.9995,122.6711,81,11.68
Alofi,4036284,NU,52,67.89,67.89,-19.0595,-169.9187,94,0.0
Shepetivka,694216,UA,55,64.9,64.9,50.1855,27.0637,96,12.33
Bluff,2206939,NZ,82,48.79,48.79,-46.6,168.3333,71,21.3
Peterhead,2640351,GB,98,61.65,67.12,57.5058,-1.7981,89,9.48
Qaanaaq,3831208,GL,80,42.82,42.82,77.484,-69.3632,96,5.1
Port Alfred,964432,ZA,0,73.87,73.87,-33.5906,26.891,28,20.85
Nabire,1634614,ID,100,76.39,76.39,-3.3667,135.4833,91,3.29
New Norfolk,2155415,AU,99,53.28,56.91,-42.7826,147.0587,62,4.0
Narsaq,3421719,GL,99,61.02,61.02,60.9167,-46.05,52,8.55
Sydney,2147714,AU,0,54.07,59.72,-33.8679,151.2073,67,5.01
Saint-Joseph,6690296,RE,68,67.35,68.38,-21.3667,55.6167,73,11.56
Hofn,2630299,IS,95,55.24,55.24,64.2539,-15.2082,79,2.68
Presidencia Roque Sáenz Peña,3840300,AR,1,63.57,63.57,-26.7852,-60.4388,11,13.33
Sandviken,2680075,SE,97,72.18,72.19,60.6167,16.7667,43,6.51
Doha,290030,QA,8,97.83,104.31,25.2867,51.5333,61,5.75
Pattaya,1614295,TH,100,82.24,86.88,12.9333,100.8833,80,14.94
Castle Rock,5416329,US,0,81.23,85.35,39.3722,-104.8561,34,4.0
Arraial do Cabo,3471451,BR,0,84.06,89.56,-22.9661,-42.0278,48,14.97
Yellowknife,6185377,CA,75,54.05,54.32,62.456,-114.3525,62,4.0
Avarua,4035715,CK,75,71.65,71.65,-21.2078,-159.775,78,2.3
Mata,2732340,PT,0,82.92,82.92,40.683,-7.4592,25,11.68
La Ronge,6050066,CA,90,66.45,66.45,55.1001,-105.2842,63,5.75
Castro,3466704,BR,71,68.68,68.68,-24.7911,-50.0119,58,12.71
Fernán-Núñez,6357222,ES,0,95.13,96.28,37.6884,-4.7247,18,11.27
Zhezkazgan,1516589,KZ,0,73.33,73.33,47.8043,67.7144,23,11.97
Bambous Virieux,1106677,MU,75,66.45,66.45,-20.3428,57.7575,94,8.05
Harper,2276492,LR,94,78.49,78.49,4.375,-7.7169,71,10.56
Klaksvík,2618795,FO,96,54.52,54.52,62.2266,-6.589,97,13.4
Ducheng,1811929,CN,79,82.26,82.26,23.2373,111.5317,83,2.35
Mengcheng,1800764,CN,100,75.6,75.6,33.2579,116.5655,96,20.24
Saint-Philippe,935215,RE,51,68.34,69.39,-21.3585,55.7679,74,10.98
Vardø,777019,NO,75,48.18,61.0,70.3705,31.1107,93,2.3
Humaitá,3664078,BR,5,100.42,100.42,-7.5061,-63.0208,25,2.57
Alice Town,3572924,BS,1,84.33,84.33,25.7167,-79.3,66,6.8
East London,1006984,ZA,0,74.34,74.34,-33.0153,27.9116,20,6.91
Faranah,2421273,GN,79,78.31,78.31,10.0404,-10.7434,89,5.5
Pangnirtung,6096551,CA,90,44.6,44.6,66.1451,-65.7125,100,5.75
Mahébourg,934322,MU,75,66.49,66.49,-20.4081,57.7,94,8.05
Kieta,2094027,PG,63,77.81,77.81,-6.2167,155.6333,86,3.13
Bayir,304183,TR,0,95.52,95.83,37.2687,28.2167,20,9.08
Jalu,86049,LY,0,96.44,96.44,29.0331,21.5482,18,7.31
Beringovskiy,2126710,RU,100,48.16,48.16,63.05,179.3167,97,10.13
Kingisepp,548602,RU,100,75.97,75.97,59.3733,28.6134,51,4.18
San Fernando,1690039,PH,100,83.21,84.29,15.0286,120.6898,85,9.46
Cidreira,3466165,BR,70,54.5,54.5,-30.1811,-50.2056,60,18.57
Kuytun,2021093,RU,16,62.38,62.38,54.3419,101.5036,77,2.55
Kiryat Gat,293842,IL,0,83.46,85.41,31.61,34.7642,59,9.31
Pacific Grove,5380437,US,20,63.55,80.15,36.6177,-121.9166,86,4.0
Darhan,2031964,MN,1,62.85,62.85,49.4867,105.9228,76,1.77
Laguna,5364271,US,1,75.45,82.22,38.421,-121.4238,38,1.99
Asău,686090,RO,71,85.12,85.12,46.4333,26.4,80,2.86
Torbay,6167817,CA,75,69.3,70.57,47.6666,-52.7314,92,20.71
Sambava,1056899,MG,36,70.61,70.61,-14.2667,50.1667,76,12.08
Griffith,4920986,US,1,83.03,86.47,41.5284,-87.4237,63,3.0
Airai,1651810,TL,29,56.59,56.59,-8.9266,125.4092,79,3.0
Ola,2122574,RU,98,54.36,54.36,59.5833,151.2833,85,12.3
San Jose,5392171,US,75,70.0,79.09,37.3394,-121.895,64,4.61
Yokadouma,2220853,CM,100,72.09,72.09,3.5167,15.05,91,2.39
Karratha,6620339,AU,8,70.84,70.84,-20.7377,116.8463,83,8.79
Te Anau,2181625,NZ,85,44.64,44.64,-45.4167,167.7167,92,4.25
Seymchan,2121373,RU,89,45.9,45.9,62.8833,152.4333,70,8.41
Mezen',527321,RU,100,46.15,46.15,65.8522,44.24,79,10.11
Fasa,134721,IR,6,90.64,90.64,28.9383,53.6482,13,4.61
Mastic Beach,5126209,US,1,85.6,92.19,40.7668,-72.8521,51,7.0
Luján,3430988,AR,2,49.5,52.02,-34.5703,-59.105,54,18.7
Kloulklubed,7671223,PW,100,82.9,82.9,7.0419,134.2556,76,14.36
Jardim,3460087,BR,100,58.39,58.39,-21.4803,-56.1381,85,11.27
Hambantota,1244926,LK,93,80.98,80.98,6.1241,81.1185,79,17.13
Arrecife,2521570,ES,20,78.78,78.87,28.963,-13.5477,57,23.02
Nikolskoye,546105,RU,38,83.44,84.09,59.7035,30.7861,48,4.34
Talnakh,1490256,RU,92,73.0,73.0,69.4865,88.3972,64,7.29
Kahului,5847411,US,75,75.16,77.02,20.8947,-156.47,87,13.8
Teknāf,1185095,BD,100,79.52,79.52,20.8624,92.3058,93,13.98
Centralia,5789683,US,90,63.81,69.4,46.7162,-122.9543,77,0.0
Nantucket,4944903,US,1,86.29,87.91,41.2835,-70.0995,40,4.61
Farap,1219431,TM,0,93.2,93.2,39.1704,63.6116,13,16.11
São Filipe,3374210,CV,63,75.24,75.24,14.8961,-24.4956,78,8.43
Melito di Porto Salvo,2524181,IT,0,88.52,91.29,37.9222,15.7714,31,13.8
Umluj,100926,SA,100,88.18,88.18,25.0213,37.2685,66,8.59
Forsytheganj,10722858,BY,89,72.63,72.63,52.6333,29.7333,68,5.97
Muravlenko,1540711,RU,85,55.63,55.63,63.7898,74.523,65,9.95
Krasnorechenskiy,2021613,RU,51,66.63,66.63,44.6265,135.3532,95,1.07
Port Huron,5006233,US,75,79.57,84.11,42.9709,-82.4249,59,7.0
Olafsvik,3414079,IS,72,53.04,53.04,64.8945,-23.7142,73,17.45
Kushmurun,1519924,KZ,49,62.96,62.96,52.4503,64.6311,50,3.11
Auki,2109701,SB,79,76.55,76.55,-8.7676,160.7034,90,4.12
Foshan,1811103,CN,60,86.04,87.03,23.0268,113.1315,59,6.76
San Cristobal,3628473,VE,96,78.98,78.98,7.7669,-72.225,63,5.23
Dunda,160141,TZ,5,66.42,66.42,-8.1167,34.25,33,8.88
Upernavik,3418910,GL,100,49.78,49.78,72.7868,-56.1549,77,7.87
Tocopilla,3869716,CL,7,65.59,65.59,-22.092,-70.1979,63,9.22
Örnsköldsvik,2686469,SE,75,77.95,78.62,63.2909,18.7153,38,9.22
Kirakira,2178753,SB,64,77.86,77.86,-10.4544,161.9205,85,8.72
Kodino,546742,RU,10,57.56,57.56,63.7198,39.6447,57,4.29
Sungai Penuh,1625929,ID,7,63.37,63.37,-2.0833,101.3833,97,2.01
Margate,2643044,GB,77,68.86,70.75,51.3813,1.3862,70,3.0
Smithers,6149996,CA,75,52.12,52.12,54.7804,-127.1743,87,3.44
San Andrés,3670218,CO,75,87.82,87.82,12.5847,-81.7006,70,10.36
Kungälv,2698739,SE,99,69.26,71.19,57.871,11.9805,88,1.39
Kavieng,2094342,PG,48,82.85,82.85,-2.5744,150.7967,74,12.8
Sinnamary,3380290,GF,38,83.41,83.41,5.3833,-52.95,69,7.94
Manoel Urbano,3663495,BR,44,93.65,93.65,-8.8389,-69.2597,38,4.5
Urengoy,1488414,RU,88,45.84,45.84,65.9667,78.3667,89,6.49
Wuchi,1808345,CN,69,60.08,60.08,29.3786,103.023,79,3.42
Caravelas,3466980,BR,15,79.56,79.56,-17.7125,-39.2481,56,10.2
Mahon,2514301,ES,0,84.76,84.76,39.8885,4.2658,45,9.22
Abnūb,362973,EG,1,95.22,95.22,27.2696,31.1511,17,10.31
Emba,609924,KZ,63,76.51,76.51,48.8264,58.1442,28,15.23
Puerto del Rosario,2512186,ES,40,78.55,78.55,28.5004,-13.8627,61,20.71
Lorengau,2092164,PG,30,81.37,81.37,-2.0226,147.2712,77,6.71
Tiksi,2015306,RU,53,35.74,35.74,71.6872,128.8694,95,4.76
Mafinga,155405,TZ,1,70.61,70.61,-7.25,35.0667,29,1.88
Okha,2122614,RU,40,60.35,60.35,53.5739,142.9478,91,6.53
High Prairie,5975034,CA,4,68.94,68.94,55.4334,-116.4858,38,14.74
Lagoa,3372964,PT,100,72.05,72.05,39.05,-27.9833,86,11.12
Newton,4945283,US,1,85.51,89.74,42.337,-71.2092,49,3.0
Norman Wells,6089245,CA,75,55.44,55.44,65.282,-126.8329,82,0.0
Chui,3443061,UY,3,48.97,48.97,-33.6971,-53.4616,51,17.18
Ahipara,2194098,NZ,16,54.57,54.57,-35.1667,173.1667,81,9.69
Eyl,60019,SO,100,83.34,83.34,7.9803,49.8164,56,22.53
Kendari,1640344,ID,14,73.87,73.87,-3.945,122.4989,94,3.69
Yar-Sale,1486321,RU,42,48.87,48.87,66.8333,70.8333,64,10.98
Leningradskiy,2123814,RU,100,35.89,35.89,69.3833,178.4167,98,4.72
General Roca,3855065,AR,21,54.0,54.0,-39.0333,-67.5833,24,10.54
Cabras,2525478,IT,40,82.94,82.94,39.93,8.5314,56,7.7
Priargunsk,2017646,RU,49,59.94,59.94,50.3691,119.1012,95,0.72
Niksar,741304,TR,14,68.92,68.92,40.5917,36.9517,82,4.23
Isangel,2136825,VU,41,69.19,69.19,-19.55,169.2667,72,12.06
Hurghada,361291,EG,0,96.84,96.84,27.2574,33.8129,28,13.8
Hirara,1862505,JP,95,81.97,81.97,24.8,125.2833,89,7.72
Sharan,495770,RU,58,66.92,66.92,54.8167,54.0,43,9.84
Leh,1264976,IN,41,71.33,71.33,34.1667,77.5833,37,4.23
Kiama,2161515,AU,100,54.36,55.38,-34.6833,150.8667,70,10.6
Ituiutaba,3460523,BR,22,88.48,88.48,-18.9689,-49.465,18,10.07
Angren,1514581,UZ,0,80.37,80.37,41.0167,70.1436,34,2.8
Vilcún,3868210,CL,12,43.54,43.54,-38.65,-72.2333,55,6.06
Uyemskiy,477579,RU,0,60.85,60.85,64.4743,40.8524,59,11.18
Cayenne,3382160,GF,75,86.09,86.09,4.9333,-52.3333,79,5.99
Ambon City,1651531,ID,40,77.14,77.14,-3.6954,128.1814,100,4.61
Severodvinsk,496285,RU,50,60.91,60.91,64.5635,39.8302,76,7.65
Bathsheba,3374083,BB,75,86.61,86.61,13.2167,-59.5167,66,16.11
Nanortalik,3421765,GL,96,46.2,46.2,60.1432,-45.2371,78,1.41
Manta,3654410,EC,75,78.58,78.58,-0.95,-80.7333,73,5.75
Tazovsky,1489853,RU,100,42.48,42.48,67.4667,78.7,94,14.34
Dunedin,2191562,NZ,44,46.8,46.8,-45.8742,170.5036,72,1.01
Ilulissat,3423146,GL,75,55.42,55.42,69.2167,-51.1,58,4.61
Tatarbunary,691803,UA,2,80.55,80.55,45.8373,29.6142,48,9.82
Goderich,5962442,CA,92,71.83,73.04,43.7501,-81.7165,78,6.91
Basco,1726449,PH,100,83.48,83.48,20.4487,121.9702,86,23.78
El Salvador,3585968,SV,40,79.5,83.05,13.8333,-88.9167,59,1.88
Porto-Novo,2392087,BJ,99,80.42,80.42,6.4965,2.6036,65,11.05
Port-Gentil,2396518,GA,75,80.56,80.56,-0.7193,8.7815,69,9.22
Aberdeen,2657832,GB,90,63.72,67.5,57.1437,-2.0981,88,8.05
Hamilton,4513583,US,1,86.36,88.75,39.1834,-84.5333,49,1.01
Kunri,1172657,PK,100,85.5,85.5,25.1785,69.5691,71,22.86
Taltal,3870243,CL,0,62.06,62.06,-25.4,-70.4833,64,8.08
Sørland,3137469,NO,7,57.06,66.27,67.667,12.6934,89,12.64
Chimbote,3698304,PE,32,70.61,70.61,-9.0853,-78.5783,72,9.55
Berlevåg,780687,NO,65,49.8,49.8,70.8578,29.0864,90,8.23
Burnie,2173125,AU,100,56.91,56.91,-41.0667,145.9167,91,26.51
Champerico,3598787,GT,87,86.56,88.72,14.3,-91.9167,72,5.75
Ayan,2027316,RU,59,68.74,68.74,56.45,138.1667,67,10.0
Ostrovnoy,556268,RU,51,47.12,47.12,68.0531,39.5131,82,5.44
Mitsamiouli,921786,KM,35,76.01,76.01,-11.3847,43.2844,74,15.61
Manadhoo,1337618,MV,100,82.67,82.67,5.7667,73.3833,76,14.63
Teahupoo,4033543,PF,31,69.76,69.76,-17.8333,-149.2667,76,11.03
Bintulu,1737486,MY,20,79.21,79.21,3.1667,113.0333,94,0.0
Zhigansk,2012530,RU,54,51.64,51.64,66.7697,123.3711,77,11.45
Tezu,1254709,IN,100,79.25,79.25,27.9167,96.1667,79,3.51
Bara,2347758,NG,99,83.98,83.98,10.3744,10.7288,75,5.75
Hvolsvollur,3415720,IS,100,57.87,57.87,63.7533,-20.2243,89,7.7
Zeya,2012593,RU,100,64.18,64.18,53.75,127.2667,94,3.24
Ust'-Kut,2013923,RU,0,65.1,65.1,56.7938,105.7672,58,1.95
Bétaré Oya,2234339,CM,78,70.09,70.09,5.6,14.0833,91,3.96
Veinticinco de Mayo,3833112,AR,10,48.97,49.05,-35.4323,-60.1727,50,14.0
Okhotsk,2122605,RU,4,57.13,57.13,59.3833,143.3,90,5.26
Hualmay,3939761,PE,48,68.95,68.95,-11.0964,-77.6139,72,9.24
Kalmunai,1242110,LK,92,83.7,83.7,7.4167,81.8167,67,2.73
Strandby,2612274,DK,82,67.98,69.03,57.4915,10.4961,87,2.59
Natal,3394023,BR,75,82.62,82.62,-5.795,-35.2094,69,10.36
Kruisfontein,986717,ZA,4,62.89,62.89,-34.0033,24.7314,54,7.58
Pontes e Lacerda,3453060,BR,21,91.44,91.44,-15.2261,-59.3353,29,10.02
Faya,110690,SA,99,66.72,69.91,18.3851,42.4509,81,7.05
Adeje,2522437,ES,40,73.98,76.3,28.1227,-16.726,61,7.0
Tuatapere,2180815,NZ,87,47.82,47.82,-46.1333,167.6833,87,5.35
Mazagão,3395042,BR,3,87.85,87.85,-0.115,-51.2894,45,3.85
Ginda,1253628,IN,99,69.49,69.49,30.6945,78.4932,98,2.62
Ankang,1789065,CN,76,77.65,77.65,32.68,109.0172,82,1.81
Bonavista,5905393,CA,94,66.2,66.2,48.6499,-53.1147,95,13.6
Beloha,1067565,MG,55,61.75,61.75,-25.1667,45.05,67,9.35
Nogliki,2122783,RU,100,59.76,59.76,51.8333,143.1667,99,4.54
Coahuayana Viejo,4013679,MX,91,85.48,85.48,18.7333,-103.6833,61,2.42
Ixtapa,4004293,MX,1,87.03,88.23,20.7,-105.2,58,0.0
Khor,2022317,RU,66,76.96,76.96,47.8861,134.9464,68,5.37
Pisco,3932145,PE,2,66.25,67.01,-13.7,-76.2167,77,8.05
Namatanai,2090021,PG,51,79.05,79.05,-3.6667,152.4333,81,5.48
Raudeberg,3146487,NO,100,61.48,73.0,61.9875,5.1352,90,7.72
Opuwo,3354077,NA,0,67.69,67.69,-18.0607,13.84,23,7.92
Arrondissement d'Arcachon,6621469,FR,90,71.65,73.72,44.5875,-1.0519,68,8.05
Wewak,2083537,PG,39,79.59,79.59,-3.5534,143.6268,86,8.59
Nome,5870133,US,90,50.07,50.07,64.5011,-165.4064,87,14.97
Meridian,5600685,US,1,80.83,87.08,43.6121,-116.3915,39,4.61
San Quintín,3984997,MX,8,73.87,73.87,30.4833,-115.95,71,9.53
Saint-Pierre,935214,RE,75,68.45,69.48,-21.3393,55.4781,81,9.22
Nizhny Tagil,520494,RU,21,49.55,49.55,57.9194,59.965,74,5.44
Srīnivāspur,1255631,IN,97,74.41,74.41,13.3333,78.2167,73,14.63
Aljezur,2271968,PT,2,74.05,74.05,37.3191,-8.8033,60,15.1
Beisfjord,3144987,NO,0,77.4,81.05,68.3751,17.5988,53,3.89
Laas,3175096,IT,69,66.42,70.54,46.6166,10.7002,79,4.76
Luleå,604490,SE,0,69.87,69.87,65.5842,22.1547,73,8.05
Río Gallegos,3838859,AR,90,42.85,42.85,-51.6226,-69.2181,87,5.75
Freeport,5117949,US,1,88.2,93.2,40.6576,-73.5832,44,5.01
Saint Anthony,5044290,US,1,85.28,88.92,45.0205,-93.218,61,4.0
La Santisima Trinidad,3902377,BO,75,75.18,75.18,-14.8333,-64.9,83,17.27
Leonidovo,2123805,RU,100,64.06,64.06,49.2833,142.8667,98,1.83
Kafanchan,2335713,NG,100,68.5,68.5,9.5833,8.3,92,3.24
Pampierstad,966380,ZA,1,51.22,51.22,-27.7832,24.6877,34,8.57
Daultala,1180379,PK,78,82.62,82.62,33.1925,73.1413,76,15.82
Sakakah,102527,SA,0,107.17,107.17,29.9697,40.2064,13,19.15
Los Llanos de Aridane,2514651,ES,20,70.12,76.75,28.6585,-17.9182,80,14.97
Belturbet,2966201,IE,100,62.62,62.62,54.1,-7.45,88,5.57
Maple Creek,6065592,CA,42,87.46,87.85,49.9168,-109.4848,18,10.36
Sistranda,3139597,NO,94,75.16,75.16,63.7256,8.834,90,4.45
Ukhta,479411,RU,89,45.54,45.54,63.5671,53.6835,89,11.01
Campoverde,3733380,PE,12,87.49,87.49,-8.4753,-74.8058,39,2.8
Nkhotakota,924705,MW,11,65.98,65.98,-12.9274,34.2961,51,5.21
Turukhansk,1488903,RU,100,58.66,58.66,65.8167,87.9833,95,9.69
Aklavik,5882953,CA,90,55.4,56.23,68.2191,-135.0107,88,3.44
Mareeba,2158767,AU,99,61.41,61.52,-17.0,145.4333,93,1.99
San Vicente,3428068,AR,90,53.65,53.65,-26.6167,-54.1333,44,7.67
Esperance,2071860,AU,74,46.24,46.24,-33.8667,121.9,73,20.71
Gorzów Wielkopolski,3098722,PL,91,83.59,83.59,52.7368,15.2288,40,10.0
Naze,1855540,JP,100,76.05,76.05,28.3667,129.4833,85,10.71
East Brunswick,5097402,US,0,89.4,92.89,40.4279,-74.416,52,4.0
Beyneu,610298,KZ,54,84.27,84.27,45.3167,55.2,16,13.18
Viļāni,454178,LV,88,72.07,72.07,56.5525,26.9245,74,11.01
Nizhniy Kuranakh,2019135,RU,19,62.46,62.46,58.8353,125.4869,94,1.19
La Palma,5364022,US,90,71.1,90.34,33.8464,-118.0467,80,4.61
Hobyo,57000,SO,91,78.71,78.71,5.3505,48.5268,72,23.73
Wanlaweyn,50672,SO,67,74.68,74.68,2.6185,44.8938,76,18.9
Half Moon Bay,5354943,US,75,65.55,77.05,37.4636,-122.4286,80,0.0
Soyo,2236967,AO,90,74.23,74.23,-6.1349,12.3689,83,11.61
Kasongo,213940,CD,25,80.44,80.44,-4.45,26.6667,34,3.96
Vinh,1562798,VN,100,81.99,81.99,18.6667,105.6667,76,8.01
Ambilobe,1082243,MG,57,70.05,70.05,-13.2,49.05,80,2.04
San Policarpo,1688696,PH,94,81.09,81.09,12.1791,125.5072,79,10.8
Riyadh,108410,SA,12,109.54,109.54,24.6877,46.7219,10,6.62
Geraldton,2070998,AU,90,59.41,60.13,-28.7667,114.6,72,5.75
Bermeo,3128174,ES,63,71.24,73.71,43.4209,-2.7215,75,10.45
Languyan,1707511,PH,100,81.59,81.59,5.2618,120.0807,85,6.04
Nhulunbuy,2064735,AU,18,72.21,72.21,-12.2333,136.7667,94,0.0
Piura,3693528,PE,50,83.05,83.05,-5.2,-80.6333,47,8.14
Shimoda,1852357,JP,100,74.1,74.1,34.6667,138.95,84,7.02
Saldanha,3361934,ZA,100,57.25,57.25,-33.0117,17.9442,88,15.35
Romitan,1217662,UZ,0,87.75,87.75,39.9343,64.3814,19,16.11
Deniliquin,2169068,AU,100,57.0,57.0,-35.5333,144.9667,40,17.2
Broome,5110365,US,4,81.86,85.62,42.2506,-75.833,56,1.99
Biak,1637001,ID,24,74.68,74.68,-0.9131,122.8766,79,7.63
Labuhan,8079926,ID,44,73.78,73.78,-6.8844,112.2051,85,7.07
Banda Aceh,1215502,ID,56,80.49,80.49,5.5577,95.3222,83,12.24
Nur-Sultan,1526273,KZ,0,64.35,64.35,51.1801,71.446,39,4.47
Touros,3386213,BR,10,81.5,81.5,-5.1989,-35.4608,63,17.05
Barra de Tecoanapa,3516171,MX,88,87.46,87.46,16.5167,-98.75,57,4.23
Borba,3405051,BR,0,97.25,97.25,-4.3878,-59.5939,27,3.33
Bar Harbor,4957320,US,1,78.73,83.93,44.3876,-68.2039,51,10.0
Gua Musang,1734651,MY,43,73.8,73.8,4.8823,101.9644,97,1.28
Fuyu,2037335,CN,68,74.25,74.25,45.1833,124.8167,89,3.44
Bandarbeyla,64814,SO,98,79.9,79.9,9.4942,50.8122,70,28.23
Puerto Escondido,3520994,MX,71,87.03,87.03,15.85,-97.0667,61,5.35
Yārāda,1252783,IN,75,86.32,86.32,17.65,83.2667,74,8.05
Jiamusi,2036581,CN,3,75.7,75.7,46.8333,130.35,73,1.01
Tigil',2120612,RU,100,51.84,51.84,57.8,158.6667,98,3.44
Vanimo,2084442,PG,74,78.1,78.1,-2.6741,141.3028,90,6.42
Vasyurinskaya,476417,RU,100,72.36,73.83,45.1181,39.424,61,15.5
Togur,1489499,RU,97,56.97,56.97,58.3631,82.8265,62,4.97
Richards Bay,962367,ZA,18,67.19,67.19,-28.783,32.0377,63,17.52
Barcelos,2742416,PT,32,77.09,81.91,41.5388,-8.6151,54,14.74
Kangaatsiaq,3422683,GL,97,46.31,46.31,68.3065,-53.4641,80,13.04
Gigmoto,1712961,PH,100,81.99,81.99,13.7796,124.39,82,14.92
Longyearbyen,2729907,SJ,75,46.24,46.24,78.2186,15.6401,87,9.22
Tornio,634093,FI,25,75.22,75.22,65.8481,24.1466,66,2.8
Rocha,3440777,UY,37,47.53,47.53,-34.4833,-54.3333,55,19.86
Kumul,1529484,CN,2,90.81,90.81,42.8,93.45,15,4.0
Omsukchan,2122493,RU,100,43.81,43.81,62.5333,155.8,77,7.83
Gossaigaon,1270888,IN,76,79.97,79.97,26.4481,89.989,93,6.29
Ponta Delgada,3372783,PT,75,75.92,75.92,37.7333,-25.6667,78,11.5
Chaumont,3025892,FR,100,65.5,67.84,48.1167,5.1333,96,3.76
Qaqortoq,3420846,GL,99,61.3,61.3,60.7167,-46.0333,71,11.48
Atar,2381334,MR,41,109.31,109.31,20.5169,-13.0499,10,6.49
Kenai,5866063,US,1,50.7,52.14,60.5544,-151.2583,90,0.0
Seoul,1835848,KR,0,81.16,81.97,37.5683,126.9778,78,3.44
Flinders,6255012,AU,100,54.3,56.21,-34.5833,150.8552,71,1.01
Nemuro,2128975,JP,100,62.4,62.4,43.3236,145.575,100,6.55
Thesprotikó,252939,GR,42,83.79,99.57,39.25,20.7847,41,3.62
Panzhihua,6929460,CN,76,72.27,72.27,26.5851,101.7128,89,1.59
Hailey,5594956,US,1,67.86,67.86,43.5196,-114.3153,42,8.05
Hervey Bay,2146219,AU,20,59.04,59.04,-25.2986,152.8535,72,4.61
Trincomalee,1226260,LK,56,81.9,81.9,8.5711,81.2335,77,22.1
Mogadishu,53654,SO,95,76.78,76.78,2.0371,45.3438,81,19.95
Mossamedes,3347019,AO,17,68.63,68.63,-15.1961,12.1522,75,6.96
Taoudenni,2450173,ML,6,115.45,115.45,22.6783,-3.9836,4,12.5
Narón,3115739,ES,23,69.19,70.68,43.5167,-8.1528,73,8.21
Chapais,5919850,CA,73,58.78,58.78,49.7834,-74.8492,41,9.46
Keelung,1678228,TW,100,84.72,87.85,25.1283,121.7419,84,3.11
Belokurikha,1510502,RU,65,55.83,55.83,51.9959,84.9896,80,1.5
Las Palmas,2515271,ES,40,75.99,75.99,28.4204,-14.0131,61,20.71
Porto Walter,3662761,BR,83,95.43,95.43,-8.2686,-72.7439,37,2.66
Kalmar,2702261,SE,90,74.57,75.13,56.6616,16.3616,77,6.91
Viedma,3832899,AR,62,48.2,48.2,-40.8135,-62.9967,53,26.8
Vila Franca do Campo,3372472,PT,56,75.61,75.61,37.7167,-25.4333,77,9.66
Kadoma,1860871,JP,91,77.36,80.94,34.7333,135.5833,94,3.0
Anloga,2304548,GH,100,79.02,79.02,5.7947,0.8973,73,14.7
Nizwá,286987,OM,98,101.66,101.66,22.9333,57.5333,27,2.46
Mana,3381041,GF,16,85.46,85.46,5.6592,-53.7767,62,9.01
Sumbe,3346015,AO,76,72.66,72.66,-11.2061,13.8437,84,9.55
Marzuq,72181,YE,86,77.61,77.61,14.4,46.4667,71,9.82
Lambaré,3437863,PY,0,59.04,59.04,-25.3468,-57.6065,47,21.85
Orlik,1496073,RU,44,56.17,56.17,52.5178,99.825,90,0.94
Palembang,1633070,ID,3,72.9,72.9,-2.9167,104.7458,86,4.21
Ubari,2219235,LY,3,98.67,98.67,26.5921,12.7805,11,9.48
North Bend,5742974,US,90,57.13,63.86,43.4065,-124.2243,88,0.0
Vila Velha,3445026,BR,40,79.97,82.35,-20.3297,-40.2925,60,10.36
Kaeo,2189343,NZ,10,47.32,47.32,-35.1,173.7833,93,5.93
Buin,3897774,CL,2,56.08,58.05,-33.7333,-70.75,26,2.3
Sawtell,2150163,AU,2,45.64,47.19,-30.3833,153.1,94,5.75
San Patricio,4726521,US,14,87.84,90.01,28.017,-97.5169,44,4.99
Comodoro Rivadavia,3860443,AR,75,48.06,48.06,-45.8667,-67.5,53,13.8
Abashiri,2130741,JP,26,71.94,71.94,44.0213,144.2697,96,9.46
Arlit,2447513,NE,92,80.13,80.13,18.7369,7.3853,58,25.99
Shrewsbury,2637891,GB,75,64.22,68.38,52.7101,-2.7521,81,2.3
Merrill,5262680,US,1,75.7,77.68,45.1805,-89.6835,74,6.91
Dhārchula,1272864,IN,94,75.51,75.51,29.85,80.5333,97,1.79
Suslovo,1490591,RU,17,51.75,51.75,56.2167,88.1167,90,2.17
Ospitaletto,3171821,IT,63,76.28,80.19,45.1333,10.6,88,7.67
Sungai Besar,1735199,MY,25,78.06,78.85,3.6746,100.9867,85,4.74
Yerbogachën,2012956,RU,6,66.76,66.76,61.2767,108.0108,66,5.35
Syava,485304,RU,5,56.91,56.91,58.0146,46.3222,64,4.41
Trofors,3133983,NO,7,83.97,84.07,65.5333,13.4063,41,5.53
Øksfjord,778362,NO,64,61.02,68.07,70.2396,22.3479,87,3.69
Douentza,2458334,ML,86,91.27,91.27,14.9951,-2.9517,46,8.3
Portsmouth,2639996,GB,60,67.17,71.13,50.799,-1.0913,85,5.01
Portland,5746545,US,75,67.68,72.52,45.5234,-122.6762,71,4.61
Jiwani,1175712,PK,100,84.99,84.99,25.05,61.7417,83,6.73
Qian’an,2035410,CN,93,75.88,75.88,44.9932,124.0581,67,5.5
Waipawa,2206874,NZ,6,40.1,43.03,-41.4122,175.5153,89,4.16
Havøysund,779622,NO,8,46.63,54.48,70.9963,24.6622,89,9.78
Mount Isa,2065594,AU,2,49.77,49.77,-20.7333,139.5,57,0.0
Alekseyevsk,2022083,RU,0,66.42,66.42,57.8406,108.3492,57,1.39
Great Yarmouth,2647984,GB,94,67.15,71.11,52.6083,1.7305,65,11.65
Puerto Baquerizo Moreno,3652758,EC,20,76.19,76.19,-0.9,-89.6,65,19.57
Korla,1529376,CN,0,91.38,91.38,41.7597,86.1469,16,3.78
Avera,4231997,US,40,87.28,91.67,33.194,-82.5271,50,3.89
Xinyu,1788508,CN,0,79.93,79.93,27.8043,114.9334,83,6.53
Udachny,2014624,RU,84,75.43,75.43,66.4167,112.4,48,3.87
College,5859699,US,75,56.17,57.58,64.8569,-147.8028,83,0.0
Narasannapeta,1261853,IN,100,85.59,85.59,18.4167,84.05,63,8.77
Suntar,2015913,RU,23,67.03,67.03,62.1444,117.6319,75,4.38
Callaguip,1720223,PH,100,80.96,80.96,18.0714,120.4867,87,18.79
Cherskiy,2126199,RU,89,35.37,35.37,68.75,161.3,87,16.67
Adrar,2381972,MR,100,105.12,105.12,20.5022,-10.0711,10,16.22
Dryden,5942913,CA,1,71.89,71.89,49.7833,-92.7503,53,3.44
Ongandjera,3354178,NA,0,66.04,66.04,-17.8833,15.0667,23,7.65
Nazarovo,1497951,RU,40,52.77,52.77,56.0064,90.3914,94,4.34
Batamshinskiy,610416,KZ,28,66.18,66.18,50.5594,58.2747,39,2.59
Tūkrah,88834,LY,0,80.71,80.71,32.5341,20.5791,61,15.75
Paamiut,3421193,GL,100,45.91,45.91,61.994,-49.6678,79,18.59
Sabang,1214026,ID,68,83.62,83.62,5.8933,95.3214,77,20.31
Majene,1636806,ID,31,76.64,76.64,-3.5403,118.9707,83,13.76
Nipawin,6088469,CA,40,75.24,75.24,53.3668,-104.0009,53,3.44
Havelock,4470244,US,40,85.86,91.63,34.8791,-76.9013,78,3.0
Kozulka,687093,UA,72,78.33,79.09,50.0351,23.797,66,5.95
Yangi Marg`ilon,1513491,UZ,40,86.72,86.72,40.4272,71.7189,30,4.61
Ano Mera,264878,GR,0,81.93,84.27,37.45,25.4,54,23.02
Yumen,1528998,CN,39,78.71,78.71,40.2833,97.2,22,7.74
Volchansk,1486984,RU,77,47.89,47.89,59.9378,60.081,71,7.16
Marsabit,187585,KE,79,71.26,71.26,2.3284,37.9899,40,16.82
Abalak,1512223,RU,95,53.42,53.42,58.1286,68.5944,98,5.1
Serowe,933088,BW,0,54.19,54.19,-22.3833,26.7167,39,4.88
Moose Factory,6078372,CA,40,67.98,68.0,51.2585,-80.6094,52,5.75
Taunggyi,1293960,MM,99,63.21,63.21,20.7833,97.0333,96,4.12
Masallātah,2215163,LY,0,80.73,80.73,32.6167,14.0,53,21.25
Kayes,2455517,ML,100,90.43,90.43,14.0,-11.0,52,3.27
Sisimiut,3419842,GL,91,57.74,57.74,66.9395,-53.6735,57,21.77
Eureka,5563397,US,100,54.59,55.58,40.8021,-124.1637,95,1.99
Pokhara,1282898,NP,98,74.97,74.97,28.2333,83.9833,84,3.22
Madimba,878141,TZ,5,73.67,73.67,-10.4,40.3333,76,15.32
Mizdah,2214827,LY,0,91.22,91.22,31.4451,12.9801,18,11.32
Cap Malheureux,934649,MU,65,66.69,66.69,-19.9842,57.6142,79,17.18
Maningrida,2067089,AU,37,70.14,70.14,-12.0667,134.2667,94,6.82
Gizo Government Station,2108857,SB,93,81.63,81.63,-8.103,156.8419,75,6.78
Mackay,2159220,AU,40,53.76,60.04,-21.15,149.2,94,4.61
Estelle,4323873,US,75,90.77,93.0,29.8458,-90.1067,59,3.44
Nyimba,900056,ZM,91,63.3,63.3,-14.5566,30.8149,33,7.23
Sioux Lookout,6148373,CA,75,71.67,71.98,50.1001,-91.917,53,0.0
Fallon,5503914,US,75,81.36,82.45,39.4735,-118.7774,41,13.8
Nishihara,1855342,JP,75,81.1,81.68,26.1842,127.7558,66,12.66
Heihe,2036973,CN,100,72.18,72.18,50.2441,127.4902,99,4.27
Shādegān,116102,IR,0,112.95,112.95,30.6497,48.6647,8,14.05
Mahibadhoo,1337605,MV,100,82.71,82.71,3.7833,72.9667,76,13.02
Emerald,2167426,AU,4,53.19,53.98,-23.5333,148.1667,70,3.44
Tombouctou,2449066,ML,72,108.32,108.32,20.0,-3.0,13,14.67
Meulaboh,1214488,ID,38,78.01,78.01,4.1363,96.1285,88,4.47
Zhenlai,2033128,CN,69,71.67,71.67,45.8495,123.2973,72,7.05
Tommot,2015179,RU,11,63.3,63.3,58.9564,126.2925,94,0.47
Broken Hill,2173911,AU,90,67.71,67.71,-31.95,141.4333,18,23.02
Diffa,2445704,NE,99,82.9,82.9,13.3154,12.6113,63,8.97
Albacete,2522257,ES,0,90.41,90.41,38.8333,-2.0,24,6.91
Bontang,1648186,ID,100,78.35,78.35,0.1333,117.5,85,9.82
Aquidauana,3471896,BR,76,70.05,70.05,-20.4711,-55.7872,67,13.18
Safaga,358620,EG,2,96.75,96.75,26.7292,33.9365,48,9.53
Assomada,3374888,CV,60,78.35,78.35,15.1,-23.6833,75,9.26
The Valley,3573374,AI,20,85.35,89.46,18.217,-63.0578,70,14.97
Byron Bay,2172880,AU,1,50.29,57.15,-28.65,153.6167,90,10.18
Itupiranga,3397851,BR,26,97.12,97.12,-5.1347,-49.3267,29,1.45
Bangangté,2234865,CM,82,64.08,64.08,5.1409,10.5198,92,5.46
Sitka,5557293,US,75,58.89,58.89,57.0531,-135.33,77,4.61
Rovaniemi,638936,FI,0,76.41,76.41,66.5,25.7167,46,9.22
Guerrero Negro,4021858,MX,0,76.82,76.82,27.9769,-114.0611,58,11.36
Tubualá,3700393,PA,95,84.31,86.32,9.5167,-79.0333,75,4.81
Areia Branca,3407194,BR,9,86.43,86.43,-4.9561,-37.1369,56,17.52
Gravdal,3155152,NO,0,66.09,69.48,68.1214,13.5031,72,6.91
Rawson,3839307,AR,54,45.5,45.5,-43.3002,-65.1023,60,26.17
Truckee,5403676,US,90,65.64,75.61,39.328,-120.1833,51,4.61
Carroll,4350461,US,1,86.95,91.99,39.5501,-77.0164,51,1.01
Vryburg,942511,ZA,0,49.96,49.96,-26.9566,24.7284,34,8.93
Moerai,4034188,PF,100,73.9,73.9,-22.4333,-151.3333,79,13.91
Bowen,2174444,AU,86,53.82,53.82,-20.0167,148.2333,88,8.01
Vestmanna,2610343,FO,75,52.72,52.72,62.1564,-7.1664,100,6.91
São João da Barra,3448903,BR,0,84.29,84.29,-21.6403,-41.0511,62,12.53
Palmer,4946620,US,20,85.03,89.31,42.1584,-72.3287,52,1.99
Kyshtovka,1501000,RU,99,58.32,58.32,56.555,76.6271,65,5.39
Ninghai,1799384,CN,100,81.73,81.73,29.2892,121.4247,98,10.42
Ürümqi,1529102,CN,0,85.15,85.15,43.801,87.6005,30,6.71
Lavrentiya,4031637,RU,100,43.59,43.59,65.5833,-171.0,99,6.29
Ballina,2177069,AU,0,51.55,53.56,-28.8667,153.5667,94,5.75
Morgan City,4333811,US,20,88.41,91.04,29.6994,-91.2068,74,4.61
Zhangzhou,1785018,CN,64,84.13,84.13,24.5133,117.6556,80,1.45
Beauchamps,3034366,FR,100,67.78,70.39,50.012,1.5176,91,11.07
Sterling,4787534,US,40,90.36,94.12,39.0062,-77.4286,46,1.99
Menongue,3347353,AO,1,62.73,62.73,-14.6585,17.691,25,5.57
Amapá,3407762,BR,5,86.43,86.43,1.0,-52.0,58,3.91
Mariehamn,3041732,AX,0,80.46,80.46,60.0973,19.9348,47,9.22
Lakes Entrance,2160735,AU,95,63.18,63.18,-37.8811,147.981,47,11.65
Alta Floresta,6316343,BR,10,98.51,98.51,-9.8756,-56.0861,19,3.09
Whitianga,2179103,NZ,24,49.01,49.01,-36.8333,175.7,84,7.9
Kutum,371745,SD,89,77.79,77.79,14.2,24.6667,61,9.37
Bloomfield,5095779,US,1,88.88,92.88,40.8068,-74.1854,46,1.99
Leshukonskoye,535839,RU,100,47.19,47.19,64.8989,45.7622,75,9.6
Kargasok,1504382,RU,100,57.43,57.43,59.0556,80.8572,66,6.49
Bulawayo,894701,ZW,0,54.01,54.01,-20.15,28.5833,33,7.81
Nouadhibou,2377457,MR,1,76.98,76.98,20.931,-17.0347,69,21.85
Tra Vinh,1563926,VN,26,79.05,79.05,9.9347,106.3453,87,7.85
Constitución,3893726,CL,0,53.13,53.13,-35.3333,-72.4167,49,9.4
